<modification>
    <name>HTML SourceCode Compressor</name>
    <version>1.0</version>
    <code>HSCC</code>
    <author>DPEXTENSION</author>
    <email>dparakhiya@pistalix.in</email>
    <link>https://www.pistalix.in</link>
    <file path="system/library/response.php">
        <operation>
            <search position="replace"><![CDATA[public function output() {]]></search>
            <add><![CDATA[
            public function output() {
              /*source compressor*/
              if ($this->output) {
                  $this->output = preg_replace("/(\n)+/", "\n", $this->output);
                  $this->output = preg_replace("/\r\n+/", "\n", $this->output);
                  $this->output = preg_replace("/\n(\t)+/", "\n", $this->output);
                  $this->output = preg_replace("/\n(\ )+/", "\n", $this->output);
                  $this->output = preg_replace("/\>(\n)+</", '><', $this->output);
                  $this->output = preg_replace("/\>\r\n</", '><', $this->output);
              }
            ]]></add>
        </operation>
    </file>
</modification>
