<?xml version="1.0" encoding="utf-8"?>
<modification>
    <code></code>
    <name></name>
    <version></version>
    <author></author>
    <link></link>

    <file path="admin/controller/common/column_left.php">
        <operation>
            <search><![CDATA[if ($this->user->hasPermission('access', 'marketplace/modification')) {]]></search>
            <add position="before"><![CDATA[
                if ($this->user->hasPermission('access', 'marketplace/extension')) {		
                    $marketplace[] = array(
                        'name'	   => 'Modules',
                        'href'     => $this->url->link('marketplace/extension', 'user_token=' . $this->session->data['user_token'].'&type=module', true),
                        'children' => array()
                    );
                }
                ]]>
            </add>
        </operation>
    </file>

</modification>