{
    "codename": "d_rubaxa_sortable",
    "version": "1.4.2",
    "name": "Rubaxa Sortable",
    "description": "Implementation of rubaxa-sortable https://github.com/RubaXa/Sortable",
    "author": {
        "name": "Shopunity",
        "email": "info@shopunity.com",
        "url": "https://github.com/RubaXa/Sortable"
    },
    "opencart_version": [
        "2.0.0.0",
        "2.0.1.0",
        "2.0.1.1",
        "2.0.2.0",
        "2.0.3.1",
        "2.1.0.1",
        "2.1.0.2",
        "2.2.0.0",
        "2.3.0.0",
        "2.3.0.1",
        "2.3.0.2",
        "3.0.0.0",
        "3.0.1.1",
        "3.0.1.2",
        "3.0.2.0",
        "3.0.3.1"
    ],
    "type": "library",
    "license": {
        "type": "free",
        "url": "https://shopunity.net/licenses/free"
    },
    "support": {
        "email": "support@shopunity.com",
        "url": "https://shopunity.net/"
    },
    "files": [
        "system/library/d_shopunity/extension/d_rubaxa_sortable.json"
    ],
    "dirs": [
        "admin/view/javascript/d_rubaxa_sortable",
        "catalog/view/javascript/d_rubaxa_sortable"
    ],
    "changelog": [
        {
            "version":"1.4.2",
            "change": "Added support OC v.3.0.3.1"
        },
        {
            "version":"1.4.1",
            "change": "added new opencart versions"
        },
        {
            "version":"1.4.0",
            "change": "Add Polymer and react."
        },
        {
            "version":"1.2.1",
            "change": "initial commit"
        }
    ]
}
