{
    "codename": "d_translit",
	"extension_id": "77",
    "version": "3.1.0",
    "name": "Translit",
    "description": "Translit is intended for transliteration special and language characters.",
	"index": "extension/module/d_translit",
	
    "author": {
        "name": "Dreamvention",
        "email": "info@dreamvention.com",
        "url": "https://dreamvention.com"
    },
    "opencart_version": [
		"2.0.0.0",
		"2.0.1.0",
        "2.0.1.1",
        "2.0.2.0",
        "2.0.3.1",
        "2.1.0.1",
        "2.1.0.2",
        "2.2.0.0",
		"2.3.0.0",
		"2.3.0.1",
        "2.3.0.2",
		"3.0.0.0",
        "3.0.1.1",
        "3.0.1.2",
        "3.0.2.0",
        "3.0.3.1"
    ],
    "type": "library",
    "license": {
        "type": "free",
        "url": "https://shopunity.net/licenses/free"
    },
    "install": {
        "url": "extension/module/install&extension=d_translit"
    },
	"uninstall": {
        "url": "extension/module/uninstall&extension=d_translit"
    },
    "support": {
        "email": "support@dreamvention.com",
        "url": "https://dreamvention.com/support"
    },
    "required": {
        "d_opencart_patch": ">= 1.0.11",
		"d_bootstrap_extra": ">= 1.0.1",
		"d_bootstrap_switch": ">= 3.3.5",
		"d_admin_style": ">= 1.0.7",
		"d_twig_manager": ">= 1.5.3"
    },
    "files": [
        "system/library/d_shopunity/extension/d_translit.json",
		"system/config/d_translit.php",
		
		"admin/controller/extension/module/d_translit.php",
		"admin/model/extension/module/d_translit.php",
		"admin/language/en-gb/extension/module/d_translit.php",
		"admin/view/template/extension/module/d_translit.twig",

		"catalog/model/extension/module/d_translit.php"
    ],
    "changelog": [
        {
            "version": "3.1.0",
            "change": "Add Trim Symbols"
        },
		{
            "version": "3.0.4",
            "change": "Add Check Version"
        },
		{
            "version": "3.0.3",
            "change": "Opencart 3.0.2 compatibility"
        },
		{
            "version": "3.0.2",
            "change": "bugs fixed"
        },
		{
            "version": "3.0.1",
            "change": "Twig validate"
        },
		{
            "version": "3.0.0",
            "change": "Opencart 3.0.0 compatibility"
        },
		{
            "version": "2.3.0",
            "change": "Opencart 2.3.0 compatibility"
        },
		{
            "version": "1.0.4",
            "change": "minor changes"
        },
		{
            "version": "1.0.0",
            "change": ""
        }
    ]
}