<modification>
    <id>Three Step Checkout</id>
    <version>1.0.0</version>
    <vqmver>2.1.7</vqmver>
    <author>Rupak Nepali</author>
    <file name="catalog/language/*/checkout/checkout.php">
        <operation>
            <search position="after"><![CDATA[$_['column_total']                   = 'Total';]]></search>
            <add><![CDATA[
			 $_['text_threestepcheckout_account']          = 'Step 2: Billing Details and Delivery Details';
$_['text_threestepcheckout_payment_address']  = 'Step 2: Billing Details and Delivery Details';
$_['text_threestepcheckout_shipping_address'] = 'Step 3: Delivery Details';
$_['text_threestepcheckout_shipping_method']  = 'Step 3: Delivery Method and Payment Method';
$_['text_threestepcheckout_payment_method']   = 'Step 5: Payment Method';
			]]>            </add>
        </operation>
    </file>


    <file name="catalog/controller/common/header.php">
        <operation>
            <search position="replace"><![CDATA[link('checkout/checkout']]></search>
            <add><![CDATA[link('threestepcheckout/threestepcheckout']]></add>
        </operation>
    </file>

    <file name="catalog/controller/module/cart.php">
        <operation>
            <search position="replace"><![CDATA[link('checkout/checkout']]></search>
            <add><![CDATA[link('threestepcheckout/threestepcheckout']]></add>
        </operation>
    </file>

    <file name="catalog/controller/payment/*.php">
        <operation>
            <search position="replace"><![CDATA[link('checkout/checkout']]></search>
            <add><![CDATA[link('threestepcheckout/threestepcheckout']]></add>
        </operation>
    </file>

    <file name="catalog/controller/checkout/cart.php">
        <operation>
            <search position="replace"><![CDATA[link('checkout/checkout']]></search>
            <add><![CDATA[link('threestepcheckout/threestepcheckout']]></add>
        </operation>
    </file>

</modification>