<modification>
	<id>Shipping Estimate Checkout</id>
	<version>1.0.0</version>
	<vqmver>2.1.7</vqmver>
	<author>Webocreation.com</author>

	<file name="catalog/language/*/checkout/checkout.php">
		<operation>
			<search position="after"><![CDATA[$_['column_total']                   = 'Total';]]></search>
			<add><![CDATA[
			 $_['text_threestepcheckout_account']          = 'Step 2: Billing Details and Delivery Details';
$_['text_threestepcheckout_payment_address']  = 'Step 2: Billing Details and Delivery Details';
$_['text_threestepcheckout_shipping_address'] = 'Step 3: Delivery Details';
$_['text_threestepcheckout_shipping_method']  = 'Step 3: Delivery Method and Payment Method';
$_['text_threestepcheckout_payment_method']   = 'Step 5: Payment Method';
			]]>			</add>
		</operation>
	</file>




	<file name="catalog/model/account/address.php">
		<operation>
			<search position="replace"><![CDATA[company_id = '" . $this->db->escape($data['company_id']) . "']]></search>
			<add><![CDATA[company_id = '" . $this->db->escape(isset($data['company_id']) ? $data['company_id'] : '') . "']]></add>
		</operation>
		<operation>
			<search position="replace"><![CDATA[tax_id = '" . $this->db->escape($data['tax_id']) . "']]></search>
			<add><![CDATA[tax_id = '" . $this->db->escape(isset($data['tax_id']) ? $data['tax_id'] : '') . "']]></add>
		</operation>
	</file>



	<file name="catalog/language/*/checkout/checkout.php">
		<operation>
			<search position="before"><![CDATA[
  $_['error_payment']                  = 'Warning: Payment method required!';
      ]]>			</search>
			<add><![CDATA[
			$_['text_shipping_estimate']         = 'Estimate Shipping & Taxes';
$_['text_shipping_detail']          = 'Enter your destination to get a shipping estimate.';
	
      ]]>			</add>
		</operation>
	</file>

	<file name="catalog/checkout/shipping_address.php">
		<operation>
			<search position="replace"><![CDATA[
			unset($this->session->data['shipping_method']);
      ]]>			</search>
			<add><![CDATA[
			//unset($this->session->data['shipping_method']);
	
      ]]>			</add>
		</operation>
	</file>

	<file name="catalog/controller/checkout/payment_address.php">
		<operation>
			<search position="replace"><![CDATA[
			unset($this->session->data['shipping_method']);
      ]]>			</search>
			<add><![CDATA[
			//unset($this->session->data['shipping_method']);
	
      ]]>			</add>
		</operation>
	</file>

	<file name="catalog/controller/checkout/shipping_address.php">
		<operation>
			<search position="replace"><![CDATA[
			unset($this->session->data['shipping_method']);
      ]]>			</search>
			<add><![CDATA[
			//unset($this->session->data['shipping_method']);
	
      ]]>			</add>
		</operation>
	</file>

	<file name="catalog/controller/checkout/checkout.php">
		<operation>
			<search position="before"><![CDATA[
			$products = $this->cart->getProducts();
		      ]]>			</search>
			<add><![CDATA[
			// Shipping
		if (isset($this->request->post['shipping_method'])) {
			$shipping = explode('.', $this->request->post['shipping_method']);
			
			$this->session->data['shipping_method'] = $this->session->data['shipping_methods'][$shipping[0]]['quote'][$shipping[1]];
			
		}
	
      ]]>			</add>
		</operation>
	</file>





	<file name="catalog/controller/checkout/shipping_method.php">
		<operation>
			<search position="before"><![CDATA[
      if (!empty($shipping_address))
      ]]>			</search>
			<add><![CDATA[
    
	
	//changes by rupak
		$this->data['shipping_status'] = $this->config->get('shipping_status') && $this->config->get('shipping_estimator') && $this->cart->hasShipping();
							
			if (isset($this->request->post['country_id'])) {
				$this->data['country_id'] = $this->request->post['country_id'];				
			} elseif (isset($this->session->data['shipping_country_id'])) {
				$this->data['country_id'] = $this->session->data['shipping_country_id'];			  	
			} else {
				$this->data['country_id'] = $this->config->get('config_country_id');
			}
				
			$this->load->model('localisation/country');
			
			$this->data['countries'] = $this->model_localisation_country->getCountries();
						
			if (isset($this->request->post['zone_id'])) {
				$this->data['zone_id'] = $this->request->post['zone_id'];				
			} elseif (isset($this->session->data['shipping_zone_id'])) {
				$this->data['zone_id'] = $this->session->data['shipping_zone_id'];			
			} else {
				$this->data['zone_id'] = '';
			}
			
			if (isset($this->request->post['postcode'])) {
				$this->data['postcode'] = $this->request->post['postcode'];				
			} elseif (isset($this->session->data['shipping_postcode'])) {
				$this->data['postcode'] = $this->session->data['shipping_postcode'];					
			} else {
				$this->data['postcode'] = '';
			}
			
			$this->data['text_next'] = $this->language->get('text_next');
			$this->data['text_shipping_estimate'] = $this->language->get('text_shipping_estimate');
			$this->data['entry_country'] = $this->language->get('entry_country');
			$this->data['entry_zone'] = $this->language->get('entry_zone');
			$this->data['entry_postcode'] = $this->language->get('entry_postcode');
			
			if (isset($this->request->post['next'])) {
				$this->data['next'] = $this->request->post['next'];
			} else {
				$this->data['next'] = '';
			}
			$this->data['button_quote'] = $this->language->get('button_quote');
			$this->data['text_shipping_detail'] = $this->language->get('text_shipping_detail');
			$this->data['text_select'] = $this->language->get('text_select');
			$this->data['action'] = '';
			$this->data['button_shipping'] = $this->language->get('button_shipping');			
			$this->data['text_none'] = $this->language->get('text_none');
		//changes by rupak
	
	
	
	
      ]]>			</add>
		</operation>
	</file>


	<file name="catalog/view/theme/*/template/checkout/shipping_method.tpl">
		<operation>
			<search position="before"><![CDATA[
			<?php if ($shipping_methods) { ?>
			]]>			</search>
			<add><![CDATA[
			<div style="width:45%; float:left;">
			]]>			</add>
		</operation>
	</file>

	<file name="catalog/view/theme/*/template/checkout/shipping_method.tpl">
		<operation>
			<search position="after" offset="2"><![CDATA[<textarea name="comment"]]></search>
			<add><![CDATA[
           <!--changes by rupak-->
</div>
<div style="float:right; width:45%">
<?php if ($shipping_status) { ?>
<?php if ($next == 'shipping') { ?>
<input type="radio" name="next" value="shipping" id="shipping_estimate" checked="checked" />
<?php } else { ?>
<input type="radio" name="next" value="shipping" id="shipping_estimate" checked="checked" />
<?php } ?>
<label for="shipping_estimate"><?php echo $text_shipping_estimate; ?></label>
<?php } ?>
<div class="cart-module">
<div id="shipping" class="content" style="display: <?php echo ($next == 'shipping' ? 'block' : 'block'); ?>;">
<p><?php echo $text_shipping_detail; ?></p>
<table>
<tr>
<td><span class="required">*</span><?php echo $entry_country; ?></td>
<td><select name="country_id">
<option value=""><?php echo $text_select; ?></option>
<?php foreach ($countries as $country) { ?>
<?php if ($country['country_id'] == $country_id) { ?>
<option value="<?php echo $country['country_id']; ?>" selected="selected"><?php echo $country['name']; ?></option>
<?php } else { ?>
<option value="<?php echo $country['country_id']; ?>"><?php echo $country['name']; ?></option>
<?php } ?>
<?php } ?>
</select></td>
</tr>
<tr>
<td><span class="required">*</span><?php echo $entry_zone; ?></td>
<td><select name="zone_id">
</select></td>
</tr>
<tr>
<td><span id="postcode-required" class="required">*</span><?php echo $entry_postcode; ?></td>
<td><input type="text" name="postcode1" value="<?php echo $postcode; ?>" /></td>
</tr>
</table>
<input type="button" value="<?php echo $button_quote; ?>" id="button-quote" class="button" />
</div>

</div>

<script type="text/javascript"><!-- $('input[name=\'next\']').bind('change', function() {
	$('.cart-module > div').hide();
	$('#' + this.value).show();
});
//--></script>
<?php if ($shipping_status) { ?>
<script type="text/javascript"><!--
$('#button-quote').live('click', function() {
	$.ajax({
		url: 'index.php?route=checkout/cart/quote',
		type: 'post',
		data: 'country_id=' + $('select[name=\'country_id\']').val() + '&zone_id=' + $('select[name=\'zone_id\']').val() + '&postcode=' + encodeURIComponent($('input[name=\'postcode1\']').val()),
		dataType: 'json',		
		beforeSend: function() {
			$('#button-quote').attr('disabled', true);
			$('#button-quote').after('<span class="wait">&nbsp;<img src="catalog/view/theme/default/image/loading.gif" alt="" /></span>');
		},
		complete: function() {
			$('#button-quote').attr('disabled', false);
			$('.wait').remove();
		},		
		success: function(json) {
			$('.success, .warning, .attention, .error').remove();			
						
			if (json['error']) {
				if (json['error']['warning']) {
					$('#notification').html('<div class="warning" style="display: none;">' + json['error']['warning'] + '<img src="catalog/view/theme/default/image/close.png" alt="" class="close" /></div>');
					
					$('.warning').fadeIn('slow');
					
					$('html, body').animate({ scrollTop: 0 }, 'slow'); 
				}	
							
				if (json['error']['country']) { $('select[name=\'country_id\']').after('<span class="error">' + json['error']['country'] + '</span>');
				}	
				
				if (json['error']['zone']) { $('select[name=\'zone_id\']').after('<span class="error">' + json['error']['zone'] + '</span>');
				}
				
				if (json['error']['postcode']) { $('input[name=\'postcode\']').after('<span class="error">' + json['error']['postcode'] + '</span>');
				}					
			}
			
			if (json['shipping_method']) {
				html  = '<h2><?php echo $text_shipping_method; ?></h2>';
				html += '<form action="<?php echo $action; ?>" method="post" enctype="multipart/form-data">';
				html += '  <table class="radio">';
				
				for (i in json['shipping_method']) {
					html += '<tr>';
					html += '  <td colspan="3"><b>' + json['shipping_method'][i]['title'] + '</b></td>';
					html += '</tr>';
				
					if (!json['shipping_method'][i]['error']) {
						for (j in json['shipping_method'][i]['quote']) {
							html += '<tr class="highlight">';
							
							if (json['shipping_method'][i]['quote'][j]['code'] == '<?php echo $shipping_method; ?>') {
								html += '<td><input type="radio" name="shipping_method" value="' + json['shipping_method'][i]['quote'][j]['code'] + '" id="' + json['shipping_method'][i]['quote'][j]['code'] + '" checked="checked" /></td>';
							} else {
								html += '<td><input type="radio" name="shipping_method" value="' + json['shipping_method'][i]['quote'][j]['code'] + '" id="' + json['shipping_method'][i]['quote'][j]['code'] + '" /></td>';
							}
								
							html += '  <td><label for="' + json['shipping_method'][i]['quote'][j]['code'] + '">' + json['shipping_method'][i]['quote'][j]['title'] + '</label></td>';
							html += '  <td style="text-align: right;"><label for="' + json['shipping_method'][i]['quote'][j]['code'] + '">' + json['shipping_method'][i]['quote'][j]['text'] + '</label></td>';
							html += '</tr>';
						}		
					} else {
						html += '<tr>';
						html += '  <td colspan="3"><div class="error">' + json['shipping_method'][i]['error'] + '</div></td>';
						html += '</tr>';						
					}
				}
				
				html += '  </table>';
				html += '  <br />';
				html += '  <input type="hidden" name="next" value="shipping" />';
				
				<?php if ($shipping_method) { ?>
				html += '  <input type="submit" value="<?php echo $button_shipping; ?>" id="button-shipping" class="button" />';	
				html += '<h3>After changing the shipping methods you have to change the shipping address</h3>';	
				<?php } else { ?>
				html += '  <input type="submit" value="<?php echo $button_shipping; ?>" id="button-shipping" class="button" disabled="disabled" />';	
				<?php } ?>
							
				html += '</form>';
				
				$.colorbox({
					overlayClose: true,
					opacity: 0.5,
					width: '600px',
					height: '400px',
					href: false,
					html: html }); $('input[name=\'shipping_method\']').bind('change', function() {
					$('#button-shipping').attr('disabled', false);
					
				});
			}
		}
	});
});
//--></script>
<script type="text/javascript"><!-- $('select[name=\'country_id\']').bind('change', function() {
	$.ajax({
		url: 'index.php?route=checkout/cart/country&country_id=' + this.value,
		dataType: 'json',
		beforeSend: function() { $('select[name=\'country_id\']').after('<span class="wait">&nbsp;<img src="catalog/view/theme/default/image/loading.gif" alt="" /></span>');
		},
		complete: function() {
			$('.wait').remove();
		},			
		success: function(json) {
			if (json['postcode_required'] == '1') {
				$('#postcode-required').show();
			} else {
				$('#postcode-required').hide();
			}
			
			html = '<option value=""><?php echo $text_select; ?></option>';
			
			if (json['zone'] != '') {
				for (i = 0; i < json['zone'].length; i++) {
        			html += '<option value="' + json['zone'][i]['zone_id'] + '"';
	    			
					if (json['zone'][i]['zone_id'] == '<?php echo $zone_id; ?>') {
	      				html += ' selected="selected"';
	    			}
	
	    			html += '>' + json['zone'][i]['name'] + '</option>';
				}
			} else {
				html += '<option value="0" selected="selected"><?php echo $text_none; ?></option>'; } $('select[name=\'zone_id\']').html(html);
		},
		error: function(xhr, ajaxOptions, thrownError) {
			alert(thrownError + "\r\n" + xhr.statusText + "\r\n" + xhr.responseText); } }); }); $('select[name=\'country_id\']').trigger('change');
//--></script>
<?php 
}
?>
</div>
<div style="clear:both;"></div>
<!--changes by rupak-->
            
            
      ]]>			</add>
		</operation>
	</file>





</modification>