<?xml version="1.0" encoding="UTF-8"?>
<modification>
    <code>multiple_shopping_lists</code>
    <name>Multiple Shopping Lists</name>
    <version>1.0.0</version>
    <author>amaco</author>
    <link></link>
    <file path="admin/language/en-gb/extension/theme/theme_default.php">
        <operation>
            <search><![CDATA[$_['entry_image_wishlist']             = 'Wish List Image Size (W x H)';]]></search>
            <add position="replace"><![CDATA[$_['entry_image_wishlist']             = 'Shopping List Image Size (W x H)';]]></add>
        </operation>
    </file>
    <file path="catalog/language/en-gb/common/header.php">
        <operation>
            <search><![CDATA[$_['text_wishlist']      = 'Wish List (%s)';]]></search>
            <add position="replace"><![CDATA[$_['text_wishlist']      = 'My Shopping Lists (%s)';]]></add>
        </operation>
    </file>
    <file path="catalog/controller/common/header.php">
        <operation>
            <search><![CDATA[if ($this->customer->isLogged()) {]]></search>
            <add position="replace" offset="6"><![CDATA[if ($this->customer->isLogged()) {
			$this->load->model('account/shoppinglists');

            $totalShoppingLists = $this->model_account_shoppinglists->getTotalShoppinglists();
            if ($totalShoppingLists === 0) {
                $data['text_wishlist'] = str_replace(' (0)','',sprintf($this->language->get('text_wishlist'), 0));
            } else {
                $data['text_wishlist'] = sprintf($this->language->get('text_wishlist'), $totalShoppingLists);
            }
            unset($totalShoppingLists);
		} else {
            $data['text_wishlist'] = str_replace(' (0)','',sprintf($this->language->get('text_wishlist'), 0));
			#$data['text_wishlist'] = sprintf($this->language->get('text_wishlist'), (isset($this->session->data['shoppinglists']) ? count($this->session->data['shoppinglists']) : 0));
		}]]></add>
        </operation>
        <operation>
            <search><![CDATA[$data['wishlist'] = $this->url->link('account/wishlist', '', true);]]></search>
            <add position="replace"><![CDATA[$data['wishlist'] = $this->url->link('account/shoppinglists', '', true);]]></add>
        </operation>
    </file>
    <!-- vvv Header, default template vvv -->
    <file path="catalog/view/theme/default/template/common/header.tpl">
        <operation>
            <search><![CDATA[<i class="fa fa-heart"></i>]]></search>
            <add position="replace"><![CDATA[<img style="vertical-align: text-top;" src="<?php echo $base; ?>image/shoppinglists/shoppinglist.png" width="15" height="15" alt="" />]]></add>
        </operation>
    </file>
    <!-- ^^^ Header, default template ^^^ -->
    <file path="catalog/language/en-gb/account/account.php">
        <operation>
            <search><![CDATA[$_['text_wishlist']      = 'Modify your wish list';]]></search>
            <add position="replace"><![CDATA[$_['text_wishlist']      = 'Manage Shopping Lists';]]></add>
        </operation>
    </file>
    <file path="catalog/controller/account/account.php">
        <operation>
            <search><![CDATA[$data['wishlist'] = $this->url->link('account/wishlist');]]></search>
            <add position="replace"><![CDATA[$data['wishlist'] = $this->url->link('account/shoppinglists', '', true);]]></add>
        </operation>
    </file>
    <file path="catalog/language/en-gb/extension/module/account.php">
        <operation>
            <search><![CDATA[$_['text_wishlist']    = 'Wish List';]]></search>
            <add position="replace"><![CDATA[$_['text_wishlist']      = 'Shopping Lists';]]></add>
        </operation>
    </file>
    <file path="catalog/controller/extension/module/account.php">
        <operation>
            <search><![CDATA[$data['wishlist'] = $this->url->link('account/wishlist');]]></search>
            <add position="replace"><![CDATA[$data['wishlist'] = $this->url->link('account/shoppinglists', '', true);]]></add>
        </operation>
    </file>
    <!-- vvv Change add to Wish List icon, default template vvv -->
    <file path="catalog/language/en-gb/en-gb.php">
        <operation>
            <search><![CDATA[$_['button_wishlist']       = 'Add to Wish List';]]></search>
            <add position="replace"><![CDATA[$_['button_wishlist']       = 'Add to Shopping List';]]></add>
        </operation>
    </file>
    <file path="catalog/controller/extension/module/bestseller.php|catalog/controller/extension/module/featured.php|catalog/controller/extension/module/latest.php|catalog/controller/extension/module/special.php">
        <operation>
            <search><![CDATA[$data['heading_title'] = $this->language->get('heading_title');]]></search>
            <add position="before"><![CDATA[$data = array();

		if ($this->request->server['HTTPS']) {
			$server = $this->config->get('config_ssl');
		} else {
			$server = $this->config->get('config_url');
		}
		$data['base'] = $server;
		]]></add>
        </operation>
    </file>
    <file path="catalog/controller/product/product.php|catalog/controller/product/category.php|catalog/controller/product/search.php|catalog/controller/product/special.php">
        <operation>
            <search><![CDATA[$data['breadcrumbs'] = array();]]></search>
            <add position="before"><![CDATA[$data = array();

		if ($this->request->server['HTTPS']) {
			$server = $this->config->get('config_ssl');
		} else {
			$server = $this->config->get('config_url');
		}
		$data['base'] = $server;
		]]></add>
        </operation>
    </file>
    <file path="catalog/controller/product/manufacturer.php">
        <operation>
            <search><![CDATA[$manufacturer_info = $this->model_catalog_manufacturer->getManufacturer($manufacturer_id);]]></search>
            <add position="before"><![CDATA[
		if ($this->request->server['HTTPS']) {
			$server = $this->config->get('config_ssl');
		} else {
			$server = $this->config->get('config_url');
		}
		$data['base'] = $server;
		]]></add>
        </operation>
    </file>
    <file path="catalog/view/theme/default/template/extension/module/bestseller.tpl|catalog/view/theme/default/template/extension/module/featured.tpl|catalog/view/theme/default/template/extension/module/latest.tpl|catalog/view/theme/default/template/extension/module/special.tpl|catalog/view/theme/default/template/product/category.tpl|catalog/view/theme/default/template/product/manufacturer_info.tpl|catalog/view/theme/default/template/product/product.tpl|catalog/view/theme/default/template/product/search.tpl|catalog/view/theme/default/template/product/special.tpl">
        <operation>
            <search><![CDATA[onclick="wishlist.add('<?php echo $product['product_id']; ?>');"><i class="fa fa-heart"></i>]]></search>
            <add position="replace"><![CDATA[onclick="location.href='index.php?route=account/shoppinglists/add&amp;product_id=<?php echo $product['product_id']; ?>'"><img style="margin-top: -2px;" src="<?php echo $base; ?>image/shoppinglists/shoppinglist.png" width="15" height="15" alt="" />]]></add>
        </operation>
    </file>
    <file path="catalog/view/theme/default/template/product/product.tpl">
        <operation>
            <search><![CDATA[onclick="wishlist.add('<?php echo $product_id; ?>');"><i class="fa fa-heart"></i>]]></search>
            <add position="replace"><![CDATA[onclick="location.href='index.php?route=account/shoppinglists/add&amp;product_id=<?php echo $product_id; ?>'"><img style="margin-top: -2px;" src="<?php echo $base; ?>image/shoppinglists/shoppinglist.png" width="15" height="15" alt="" />]]></add>
        </operation>
    </file>
    <!-- ^^^ Change add to Wish List icon, default template ^^^ -->
    <!-- vvv Footer, default template vvv -->
	<file path="catalog/language/en-gb/common/footer.php">
        <operation>
            <search><![CDATA[$_['text_wishlist']     = 'Wish List';]]></search>
            <add position="replace"><![CDATA[$_['text_wishlist']     = 'Shopping Lists';]]></add>
        </operation>
	</file>
	<file path="catalog/controller/common/footer.php">
        <operation>
            <search><![CDATA[$data['wishlist'] = $this->url->link('account/wishlist', '', true);]]></search>
            <add position="replace"><![CDATA[$data['wishlist'] = $this->url->link('account/shoppinglists', '', true);]]></add>
        </operation>
	</file>
    <!-- ^^^ Footer, default template ^^^ -->
</modification>