<?xml version="1.0" encoding="utf-8"?>
<modification>
    <name>Cookiefy OpenCart 2.3 OCmod</name>
    <version>1.0</version>
    <author>Rupak Nepali, Webocreation.com</author>
    <code>cookiefy</code>
    <link>https://webocreation.com</link>
    <file path="catalog/controller/common/header.php">
        <operation>
            <search><![CDATA[
            $data['title'] = $this->document->getTitle();
            ]]></search>
            <add position="after"><![CDATA[
                $data['cookie_status']=0;
                $cookiestexts=$this->config->get('cookie_module');
                if($cookiestexts['cookie_status']==1){
                    $data['cookie_status']=1;
                    $data['text_cookie']=html_entity_decode($cookiestexts['text_cookie'][$this->config->get('config_language_id')], ENT_QUOTES, 'UTF-8');
                    $data['background_color']=$cookiestexts['background_color'];
                    $data['text_color']=$cookiestexts['text_color'];
                }
            ]]></add>
        </operation>
    </file>
    <file path="catalog/view/theme/*/template/common/header.tpl">
        <operation>
            <search><![CDATA[
            <?php echo $currency; ?>
            ]]></search>
            <add position="after"><![CDATA[
                <?php if($cookie_status==1){ ?>
                      <script src="//cdn.jsdelivr.net/jquery.cookiefy/1.0/jquery.cookiefy.min.js"></script>
                      <script>
                        $('body').cookiefy({
                            displayedHtml: '<?php echo $text_cookie; ?>',
                            backgroundColor: '<?php echo $background_color; ?>',
                          color:'<?php echo $text_color; ?>',
                          borderTop: '1px solid #000'
                        });
                      </script>
                <?php } ?>
            ]]></add>
        </operation>
    </file>
</modification>