{
    "codename": "d_bootstrap_colorpicker",
    "version": "2.5.2",
    "name": "Bootstrap Colorpicker",
    "description": "Implementation of bootstrap-colorpicker https://github.com/itsjavi/bootstrap-colorpicker.",
    "author": {
        "name": "Shopunity",
        "email": "info@shopunity.com",
        "url": "https://github.com/itsjavi/bootstrap-colorpicker"
    },
    "opencart_version": [
        "2.0.0.0",
        "2.0.1.0",
        "2.0.1.1",
        "2.0.2.0",
        "2.0.3.1",
        "2.1.0.1",
        "2.1.0.2",
        "2.2.0.0",
        "2.3.0.0",
        "2.3.0.1",
        "2.3.0.2",
        "3.0.0.0",
        "3.0.1.1",
        "3.0.1.2",
        "3.0.2.0",
        "3.0.3.1"
    ],
    "type": "library",
    "license": {
        "type": "free",
        "url": "https://shopunity.net/licenses/free"
    },
    "support": {
        "email": "support@shopunity.com",
        "url": "https://shopunity.net/"
    },
    "files": [
        "system/library/d_shopunity/extension/d_bootstrap_colorpicker.json"
    ],
    "dirs": [
        "admin/view/javascript/d_bootstrap_colorpicker",
        "catalog/view/javascript/d_bootstrap_colorpicker"
    ],
    "changelog": [
        {
            "varsion":"2.5.2",
            "change": "Added support OC v3.0.3.1"
        },
        {
            "varsion":"2.5.1",
            "change": "added new opencart versions"
        },
        {
            "varsion":"2.5.0",
            "change": "initial commit"
        }
    ]
}
