{
    "codename": "d_bootstrap_bootbox",
    "version": "4.4.2",
    "name": "Bootstrap Bootbox",
    "description": "Implementation of bootstrap-bootbox https://github.com/makeusabrew/bootbox",
    "author": {
        "name": "Shopunity",
        "email": "info@shopunity.com",
        "url": "https://github.com/makeusabrew/bootbox"
    },
    "opencart_version": [
        "2.0.0.0",
        "2.0.1.0",
        "2.0.1.1",
        "2.0.2.0",
        "2.0.3.1",
        "2.1.0.1",
        "2.1.0.2",
        "2.2.0.0",
        "2.3.0.0",
        "2.3.0.1",
        "2.3.0.2",
        "3.0.0.0",
        "3.0.1.1",
        "3.0.1.2",
        "3.0.2.0",
        "3.0.3.1"
    ],
    "type": "library",
    "license": {
        "type": "free",
        "url": "https://shopunity.net/licenses/free"
    },
    "support": {
        "email": "support@shopunity.com",
        "url": "https://shopunity.net/"
    },
    "files": [
        "system/library/d_shopunity/extension/d_bootstrap_bootbox.json"
    ],
    "dirs": [
        "admin/view/javascript/d_bootstrap_bootbox",
        "catalog/view/javascript/d_bootstrap_bootbox"
    ],
    "changelog": [
        {
            "version":"4.4.2",
            "change": "Added support OC v3.0.3.1"
        },
        {
            "version":"4.4.1",
            "change": "added new opencart versions"
        },
        {
            "version":"4.4.0",
            "change": "initial commit"
        }
    ]
}
