{
    "codename": "d_twig_partial",
    "version": "1.1.4",
    "name": "Twig Partials",
    "description": "Add twig partials and js to your opencart",
    "author": {
        "name": "Shopunity",
        "email": "info@shopunity.com",
        "url": "https://shopunity.net/"
    },
    "opencart_version": [
        "2.0.0.0",
        "2.0.1.0",
        "2.0.1.1",
        "2.0.2.0",
        "2.0.3.1",
        "2.1.0.1",
        "2.1.0.2",
        "2.2.0.0",
        "2.3.0.0",
        "2.3.0.1",
        "2.3.0.2",
        "3.0.0.0",
        "3.0.1.1",
        "3.0.1.2",
        "3.0.2.0",
        "3.0.3.1"
    ],
    "type": "library",
    "license": {
        "type": "free",
        "url": "https://shopunity.net/licenses/free"
    },
    "support": {
        "email": "support@shopunity.com",
        "url": "https://shopunity.net/"
    },
    "files": [
        "system/library/d_shopunity/extension/d_twig_partial.json",

        "catalog/view/theme/default/javascript/partial/d_address_field.js",
        "catalog/view/theme/default/javascript/partial/d_custom_field.js",
        "catalog/view/theme/default/javascript/partial/d_product_sort.js",

        "catalog/view/theme/default/template/partial/d_account_field.twig",
        "catalog/view/theme/default/template/partial/d_address_field.twig",
        "catalog/view/theme/default/template/partial/d_product_list.twig",

        "catalog/view/theme/default/template/partial/d_cart.twig",
        "catalog/view/theme/default/template/partial/d_review.twig",
        "catalog/view/theme/default/template/partial/d_search.twig",

        "catalog/view/theme/default/template/partial/form_group.twig",
        "catalog/view/theme/default/template/partial/input_group.twig",
        "catalog/view/theme/default/template/partial/input.twig",
        "catalog/view/theme/default/template/partial/button.twig",

        "catalog/view/theme/default/template/partial/d_breadcrumb.twig",
        "catalog/view/theme/default/template/partial/d_button.twig",
        "catalog/view/theme/default/template/partial/d_button_continue.twig",
        "catalog/view/theme/default/template/partial/d_button_submit.twig",
        "catalog/view/theme/default/template/partial/d_custom_field.twig",
        "catalog/view/theme/default/template/partial/d_empty.twig",
        "catalog/view/theme/default/template/partial/d_layout_close.twig",
        "catalog/view/theme/default/template/partial/d_layout_open.twig",
        "catalog/view/theme/default/template/partial/d_name_field.twig",
        "catalog/view/theme/default/template/partial/d_notification.twig",
        "catalog/view/theme/default/template/partial/d_product_sort.twig",
        "catalog/view/theme/default/template/partial/d_product_thumb.twig",
        "catalog/view/theme/default/template/partial/d_mini_cart.twig",
        "catalog/view/theme/default/template/partial/d_rating.twig"
    ],
    "changelog": [
        {
            "varsion":"1.1.4",
            "change": "Added support for OC v3.0.3.1"
        },
        {
            "varsion":"1.1.3",
            "change": "add partial for button forms inputs"
        },
        {
            "varsion":"1.1.2",
            "change": "Rating change;"
        },
        {
            "varsion":"1.1.1",
            "change": "Bug fix"
        },
        {
            "varsion":"1.1.0",
            "change": "Added support for new opencart versions"
        },
        {
            "varsion":"1.0.1",
            "change": "First d_breadcrumb"
        },
        {
            "varsion":"1.0.0",
            "change": "First release"
        }
    ]
}