{
    "codename": "d_event_manager_admin",
    "version": "1.1.4",
    "name": "Event Manager Admin",
    "description": "The administration panel for events",
    "index": "extension/module/d_event_manager",
    "readme": "system/mbooth/readme/d_event_manager_admin.md",
    "author": {
        "name": "Shopunity",
        "email": "info@shopunity.com",
        "url": "https://shopunity.net/"
    },
    "opencart_version": [
        "2.0.0.0",
        "2.0.1.0",
        "2.0.1.1",
        "2.0.2.0",
        "2.0.3.1",
        "2.1.0.1",
        "2.1.0.2",
        "2.2.0.0",
        "2.3.0.0",
        "2.3.0.1",
        "2.3.0.2",
        "3.0.0.0",
        "3.0.1.1",
        "3.0.1.2",
        "3.0.2.0",
        "3.0.3.1"
    ],
    "type": "module",
    "license": {
        "type": "free",
        "url": "https://shopunity.net/licenses/free"
    },
    "install": {
        "url": "extension/extension/module/install&extension=d_event_manager"
    },
    "uninstall": {
        "url": "extension/extension/module/uninstall&extension=d_event_manager"
    },
    "support": {
        "email": "support@shopunity.com",
        "url": "https://shopunity.net/"
    },
    "required": {
        "d_bootstrap_switch": ">=3.3.5",
        "d_bootstrap_extra": ">=1.0.1",
        "d_event_manager":">=1.2.0",
        "d_twig_manager":">=1.5.0",
        "d_bootstrap_tagsinput":">=0.8.0" 
    },
    "files": [
        "system/library/d_shopunity/extension/d_event_manager_admin.json",
        "system/library/d_shopunity/readme/d_event_manager_admin.md",

        "admin/controller/extension/module/d_event_manager.php",
        "admin/language/en-gb/extension/module/d_event_manager.php",
        "admin/view/template/extension/module/d_event_manager.twig"

    ],
    "changelog": [
        {
            "version":"1.1.4",
            "change": "Added support OC v3.0.3.1"
        },
        {
            "version":"1.1.3",
            "change": "Add support for event compativibility to 2.3.0.0"
        },
        {
            "version":"1.1.2",
            "change": "Fix date_added bug"
        },
        {
            "version":"1.1.1",
            "change": "Twig manager bug fix"
        },
        {
            "version":"1.1.0",
            "change": "Added support for skipped models"
        },
        {
            "version":"1.0.1",
            "change": "Bug fix"
        },
        {
            "version":"1.0.0",
            "change": "Initial commit"
        }
    ]
}